image_id,true,prob_caries,pred
oral_022967,1,0.6736,1
oral_011442,0,0.3458,0
oral_023377,1,0.6508,1
oral_012838,0,0.2757,0
oral_006709,0,0.2299,0
oral_015634,1,0.3209,0
oral_009833,0,0.7148,1
oral_017656,0,0.7114,1
oral_021128,0,0.6415,1
oral_011643,0,0.3745,0
oral_024625,1,0.7932,1
oral_020378,0,0.3624,0
oral_013621,1,0.7679,1
oral_019582,1,0.3136,0
oral_024378,0,0.2611,0
oral_011893,0,0.3329,0
oral_008238,1,0.8873,1
oral_020423,0,0.8228,1
oral_013561,0,0.3198,0
oral_024724,0,0.2923,0
oral_024207,1,0.5799,1
oral_019896,1,0.4043,0
oral_014062,0,0.0649,0
oral_018796,1,0.4155,0
oral_023814,1,0.9853,1
oral_011129,1,0.1618,0
oral_012708,0,0.2494,0
oral_014109,0,0.2024,0
oral_006964,0,0.0642,0
oral_012541,1,0.2576,0
oral_010894,1,0.7972,1
oral_017034,1,0.6539,1
oral_014791,1,0.945,1
oral_024030,0,0.3352,0
oral_013426,1,0.9618,1
oral_011226,0,0.6639,1
oral_015765,0,0.4922,0
oral_011864,1,0.5133,1
oral_009453,1,0.3285,0
oral_010254,0,0.1042,0
oral_013143,0,0.2733,0
oral_014841,0,0.087,0
oral_013560,0,0.7459,1
oral_012840,0,0.0567,0
oral_008062,0,0.5188,1
oral_021174,1,0.6841,1
oral_021854,0,0.6657,1
oral_014031,1,0.7228,1
oral_019732,1,0.3222,0
oral_020926,0,0.3043,0
oral_018010,0,0.5355,1
oral_016197,1,0.9002,1
oral_008061,1,0.9213,1
oral_019655,1,0.2104,0
oral_006074,0,0.7861,1
oral_025211,1,0.8112,1
oral_007938,0,0.2716,0
oral_006268,1,0.7999,1
oral_022119,1,0.6771,1
oral_022188,0,0.2631,0
oral_023190,1,0.6,1
oral_011821,1,0.1395,0
oral_023197,0,0.3305,0
oral_020759,0,0.1539,0
oral_023430,0,0.1781,0
oral_005966,0,0.5399,1
oral_011741,1,0.7807,1
oral_013722,0,0.548,1
oral_021701,1,0.4927,0
oral_010112,1,0.1736,0
oral_015096,1,0.6559,1
oral_022883,1,0.3397,0
oral_015119,1,0.6224,1
oral_015802,1,0.8822,1
oral_024879,0,0.1866,0
oral_015051,0,0.5168,1
oral_012957,0,0.0934,0
oral_021155,1,0.9729,1
oral_012435,0,0.2187,0
oral_011264,0,0.2271,0
oral_019057,1,0.4627,0
oral_010877,1,0.7255,1
oral_014751,0,0.058,0
oral_020195,0,0.0225,0
oral_008311,1,0.8607,1
oral_005993,1,0.2024,0
oral_007029,0,0.3287,0
oral_020017,0,0.3262,0
oral_014573,1,0.4906,0
oral_018750,1,0.5031,1
oral_012334,0,0.2288,0
oral_018378,1,0.5959,1
oral_017727,1,0.8473,1
oral_014208,1,0.4146,0
oral_020293,0,0.5605,1
oral_019465,0,0.2148,0
oral_017563,0,0.4769,0
oral_019720,0,0.1107,0
oral_020010,0,0.7916,1
oral_012990,1,0.9505,1
oral_009084,1,0.7608,1
oral_007550,1,0.5913,1
oral_009797,1,0.9882,1
oral_015562,0,0.2754,0
oral_007896,1,0.7124,1
oral_014636,0,0.5054,1
oral_018770,0,0.4967,0
oral_017184,0,0.1289,0
oral_023666,0,0.2622,0
oral_007288,0,0.2291,0
oral_021698,1,0.527,1
oral_024997,0,0.1947,0
oral_012612,0,0.2726,0
oral_007006,0,0.3882,0
oral_014952,0,0.7363,1
oral_013073,0,0.1343,0
oral_006811,1,0.4663,0
oral_006045,1,0.2122,0
oral_007223,0,0.5571,1
oral_022739,1,0.9241,1
oral_024146,1,0.3215,0
oral_019245,0,0.0302,0
oral_021192,0,0.7053,1
oral_010822,0,0.1179,0
oral_024698,1,0.335,0
oral_006849,0,0.0848,0
oral_023449,1,0.6105,1
oral_024616,1,0.4998,0
oral_008356,1,0.4592,0
oral_019187,0,0.843,1
oral_021132,0,0.5401,1
oral_020700,0,0.0712,0
oral_008160,1,0.7344,1
oral_005763,0,0.703,1
oral_016073,1,0.5556,1
oral_020407,1,0.5028,1
oral_017614,0,0.9334,1
oral_008210,0,0.1486,0
oral_024927,0,0.0982,0
oral_012130,1,0.5123,1
oral_009988,0,0.0938,0
oral_020323,0,0.2202,0
oral_021892,1,0.7935,1
oral_017255,1,0.1214,0
oral_017071,1,0.7729,1
oral_022458,1,0.2259,0
oral_024492,1,0.3417,0
oral_009665,1,0.6389,1
oral_019572,0,0.1049,0
oral_021621,1,0.7683,1
oral_012766,0,0.285,0
oral_007255,1,0.9121,1
oral_021853,0,0.0719,0
oral_024951,0,0.5387,1
oral_023922,0,0.701,1
oral_008326,1,0.4877,0
oral_014948,0,0.2931,0
oral_011481,1,0.6274,1
oral_010512,1,0.9219,1
oral_007924,0,0.2871,0
oral_016662,1,0.4241,0
oral_013050,1,0.3985,0
oral_016731,0,0.5696,1
oral_023768,0,0.2165,0
oral_024436,1,0.9471,1
oral_023873,1,0.9689,1
oral_020380,1,0.8021,1
oral_014074,0,0.6962,1
oral_019457,0,0.3115,0
oral_023285,0,0.2656,0
oral_020887,0,0.6165,1
oral_009613,1,0.8271,1
oral_020617,1,0.6369,1
oral_010977,1,0.4956,0
oral_016717,1,0.7832,1
oral_015369,1,0.4402,0
oral_006124,1,0.488,0
oral_009701,1,0.7908,1
oral_006754,0,0.0646,0
oral_013529,0,0.2105,0
oral_008219,1,0.8576,1
oral_018301,0,0.1659,0
oral_018530,1,0.9709,1
oral_007583,0,0.1589,0
oral_008371,0,0.5916,1
oral_024947,1,0.9821,1
oral_012567,0,0.3166,0
oral_022108,1,0.9404,1
oral_017608,0,0.6694,1
oral_009897,0,0.0771,0
oral_006664,1,0.129,0
oral_024113,0,0.1364,0
oral_024227,0,0.2052,0
oral_011281,0,0.4757,0
oral_010294,1,0.0907,0
oral_006372,0,0.3296,0
oral_019688,0,0.6514,1
oral_015945,0,0.4702,0
oral_015705,0,0.3305,0
oral_024742,1,0.2395,0
oral_023496,0,0.4057,0
oral_019882,0,0.395,0
oral_024268,1,0.554,1
oral_016700,0,0.0669,0
oral_024468,0,0.163,0
oral_011582,1,0.2916,0
oral_011865,1,0.9379,1
oral_011005,1,0.593,1
oral_012404,0,0.2074,0
oral_007721,1,0.9402,1
oral_013072,0,0.5988,1
oral_009973,0,0.1188,0
oral_022576,0,0.1269,0
oral_019411,0,0.1924,0
oral_012261,1,0.2494,0
oral_022222,1,0.9742,1
oral_014207,1,0.9081,1
oral_010932,0,0.595,1
oral_023984,1,0.2031,0
oral_012516,0,0.3653,0
oral_019550,0,0.2505,0
oral_011752,0,0.187,0
oral_009498,0,0.0849,0
oral_024002,1,0.2016,0
oral_013384,0,0.4185,0
oral_015592,1,0.2992,0
oral_014311,1,0.9764,1
oral_016314,1,0.9074,1
oral_007630,0,0.4188,0
oral_006265,1,0.9368,1
oral_022529,0,0.5432,1
oral_016298,0,0.4113,0
oral_012938,1,0.9561,1
oral_022278,1,0.989,1
oral_010343,1,0.327,0
oral_014293,1,0.2814,0
oral_007686,1,0.6337,1
oral_009770,0,0.5007,1
oral_009349,1,0.548,1
oral_017404,0,0.0878,0
oral_012952,1,0.8588,1
oral_013807,1,0.2711,0
oral_022058,1,0.3642,0
oral_013788,1,0.225,0
oral_024208,0,0.1158,0
oral_006317,1,0.4111,0
oral_023643,1,0.2095,0
oral_018553,0,0.0721,0
oral_018527,0,0.2853,0
oral_021408,0,0.082,0
oral_011213,1,0.3814,0
oral_007037,0,0.8726,1
oral_011317,1,0.358,0
oral_016694,0,0.7585,1
oral_023679,0,0.7016,1
oral_009912,1,0.0888,0
oral_019091,1,0.3168,0
oral_011597,1,0.6362,1
oral_007080,0,0.1524,0
oral_015888,1,0.3338,0
oral_012586,0,0.5491,1
oral_023808,0,0.5763,1
oral_005753,1,0.4633,0
oral_010188,1,0.2185,0
oral_020314,0,0.4593,0
oral_013433,1,0.6448,1
oral_017194,0,0.1862,0
oral_013761,1,0.8921,1
oral_023610,0,0.5616,1
oral_014027,1,0.5211,1
oral_023222,1,0.7194,1
oral_009646,0,0.4023,0
oral_019667,1,0.3994,0
oral_024068,1,0.9952,1
oral_013800,1,0.2975,0
oral_011077,0,0.3031,0
oral_024566,0,0.1084,0
oral_007561,1,0.754,1
oral_009867,1,0.6212,1
oral_006714,1,0.6164,1
oral_024913,1,0.7227,1
oral_014766,0,0.4061,0
oral_008323,1,0.804,1
oral_015436,1,0.3779,0
oral_016530,0,0.2537,0
oral_022976,0,0.5291,1
oral_024959,0,0.3637,0
oral_010761,0,0.1926,0
oral_024472,0,0.324,0
oral_019499,0,0.5369,1
oral_011616,0,0.2926,0
oral_023298,0,0.1614,0
oral_008108,1,0.7256,1
oral_023725,0,0.8064,1
oral_008364,1,0.9127,1
oral_023812,0,0.492,0
oral_015423,0,0.0986,0
oral_009336,1,0.404,0
oral_017822,1,0.2616,0
oral_010049,0,0.0762,0
oral_006249,1,0.5528,1
oral_009380,0,0.2549,0
oral_011039,1,0.1637,0
oral_006957,1,0.7884,1
oral_014923,0,0.1579,0
oral_009710,1,0.741,1
oral_015949,1,0.5857,1
oral_006551,0,0.4021,0
oral_014814,0,0.3419,0
oral_022799,1,0.6583,1
oral_013687,0,0.381,0
oral_017828,0,0.1306,0
oral_024225,1,0.6786,1
oral_022992,0,0.3086,0
oral_005939,1,0.7927,1
oral_018075,0,0.1697,0
oral_012434,0,0.3904,0
oral_009962,0,0.3354,0
oral_021305,0,0.2721,0
oral_021946,0,0.5863,1
oral_019698,0,0.1002,0
oral_009725,1,0.7941,1
oral_024836,0,0.1956,0
oral_011573,0,0.5973,1
oral_009656,1,0.24,0
oral_020377,1,0.6284,1
oral_012475,1,0.2826,0
oral_024244,1,0.9568,1
oral_005803,1,0.1289,0
oral_009425,1,0.8518,1
oral_014627,1,0.7569,1
oral_011310,1,0.5479,1
oral_006764,1,0.4311,0
oral_025124,0,0.354,0
oral_007544,0,0.2744,0
oral_010686,0,0.294,0
oral_019590,1,0.5356,1
oral_022077,0,0.9615,1
oral_013997,0,0.3621,0
oral_014972,1,0.7012,1
oral_006395,1,0.3724,0
oral_015251,0,0.374,0
oral_019519,0,0.2254,0
oral_015954,1,0.5482,1
oral_020234,0,0.3686,0
oral_015097,0,0.0943,0
oral_015048,1,0.7224,1
oral_019837,0,0.5104,1
oral_018159,1,0.3516,0
oral_009633,1,0.3879,0
oral_009355,1,0.3669,0
oral_015787,1,0.4728,0
oral_008140,1,0.9617,1
oral_012358,1,0.0569,0
oral_012270,1,0.8955,1
oral_016069,0,0.8421,1
oral_015503,0,0.2585,0
oral_007737,1,0.4649,0
oral_020969,1,0.3024,0
oral_011754,0,0.1611,0
oral_013174,0,0.4659,0
oral_007754,0,0.6688,1
oral_023271,1,0.8058,1
oral_014989,0,0.3504,0
oral_020003,0,0.1977,0
oral_009881,1,0.1451,0
oral_017694,0,0.3641,0
oral_023543,0,0.5523,1
oral_019059,0,0.9046,1
oral_018759,0,0.3374,0
oral_006774,1,0.6481,1
oral_016992,0,0.1242,0
oral_007656,1,0.9268,1
oral_022084,1,0.5442,1
oral_014560,1,0.597,1
oral_012685,0,0.1018,0
oral_015574,1,0.7756,1
oral_020162,1,0.9307,1
oral_022360,1,0.9924,1
oral_017588,0,0.8107,1
oral_011078,0,0.1546,0
oral_023206,1,0.638,1
oral_024990,0,0.3864,0
oral_024230,0,0.0855,0
oral_023970,0,0.9342,1
oral_014779,1,0.9528,1
oral_020516,0,0.2276,0
oral_023860,0,0.0871,0
oral_022079,0,0.1855,0
oral_014310,1,0.982,1
oral_013289,0,0.4844,0
oral_019723,0,0.2335,0
oral_017158,0,0.3829,0
oral_023639,0,0.1983,0
oral_018837,1,0.6657,1
oral_022574,1,0.8795,1
oral_017585,1,0.1386,0
oral_005929,0,0.4997,0
oral_006080,0,0.4268,0
oral_018052,0,0.4099,0
oral_018304,1,0.3665,0
oral_014113,1,0.1942,0
oral_012582,1,0.4551,0
oral_021683,1,0.4044,0
oral_017128,0,0.3539,0
oral_008097,1,0.732,1
oral_021004,1,0.4731,0
oral_012808,1,0.973,1
oral_015825,0,0.1318,0
oral_006752,1,0.2039,0
oral_024988,1,0.365,0
oral_024538,1,0.9387,1
oral_012331,0,0.2678,0
oral_013921,1,0.7272,1
oral_022149,0,0.8779,1
oral_008358,0,0.0339,0
oral_019972,0,0.2992,0
oral_009539,0,0.7462,1
oral_019179,0,0.7043,1
oral_014750,0,0.9807,1
oral_010540,0,0.3077,0
oral_011373,1,0.5725,1
oral_019974,0,0.6851,1
oral_020163,0,0.4045,0
oral_025020,0,0.1149,0
oral_018698,0,0.6255,1
oral_025144,0,0.0674,0
oral_019801,1,0.9585,1
oral_018432,0,0.889,1
oral_010610,0,0.4502,0
oral_018356,0,0.371,0
oral_007905,0,0.3788,0
oral_016704,0,0.0321,0
oral_018566,0,0.0329,0
oral_020999,0,0.1314,0
oral_007807,0,0.3824,0
oral_013898,1,0.908,1
oral_007599,0,0.8281,1
oral_017015,1,0.7123,1
oral_011773,0,0.1083,0
oral_021041,0,0.149,0
oral_024043,1,0.4252,0
oral_020463,1,0.2913,0
oral_014149,0,0.6949,1
oral_010033,0,0.2983,0
oral_023028,1,0.3063,0
oral_024228,1,0.288,0
oral_024776,1,0.5553,1
oral_007458,0,0.3343,0
oral_007195,0,0.2633,0
oral_011520,0,0.6804,1
oral_018616,0,0.4204,0
oral_013624,0,0.1006,0
oral_023450,1,0.9985,1
oral_013346,0,0.1891,0
oral_015686,0,0.0326,0
oral_021098,0,0.3103,0
oral_017569,0,0.0667,0
oral_014457,0,0.4031,0
oral_008384,0,0.4445,0
oral_016029,0,0.1434,0
oral_025034,0,0.1715,0
oral_020968,0,0.1338,0
oral_016133,1,0.4389,0
oral_011724,1,0.5453,1
oral_023901,0,0.6745,1
oral_005606,1,0.9778,1
oral_007356,0,0.3445,0
oral_020729,1,0.6079,1
oral_024110,1,0.8373,1
oral_010295,1,0.3217,0
oral_018577,0,0.0972,0
oral_024780,1,0.193,0
oral_006062,0,0.2082,0
oral_018064,0,0.5831,1
oral_017627,0,0.388,0
oral_010483,1,0.1201,0
oral_025037,0,0.4039,0
oral_023831,0,0.8774,1
oral_017778,0,0.3433,0
oral_015834,1,0.7477,1
oral_018582,1,0.7211,1
oral_006422,0,0.7769,1
oral_024804,0,0.1508,0
oral_024195,1,0.8144,1
oral_024085,1,0.9344,1
oral_020760,0,0.0184,0
oral_012651,1,0.3536,0
oral_006109,1,0.8265,1
oral_024223,1,0.4483,0
oral_014372,0,0.3944,0
oral_009621,1,0.1415,0
oral_022228,1,0.1776,0
oral_017037,1,0.2393,0
oral_024081,0,0.1456,0
oral_020223,0,0.5283,1
oral_023600,1,0.2815,0
oral_017354,0,0.8805,1
oral_017183,1,0.8781,1
oral_013027,1,0.5733,1
oral_017448,1,0.8777,1
oral_013397,1,0.8438,1
oral_015959,0,0.4382,0
oral_014068,0,0.0387,0
oral_017784,1,0.692,1
oral_011348,0,0.1633,0
oral_007498,0,0.2853,0
oral_023595,1,0.8265,1
oral_018453,1,0.2124,0
oral_016335,0,0.1332,0
oral_019234,1,0.8277,1
oral_006464,0,0.8373,1
oral_013534,0,0.8578,1
oral_016566,0,0.4792,0
oral_017610,1,0.8416,1
oral_022846,1,0.3715,0
oral_023900,0,0.0632,0
oral_016870,1,0.3189,0
oral_023208,0,0.2321,0
oral_019866,1,0.2888,0
oral_005794,0,0.2849,0
oral_022099,0,0.3975,0
oral_012551,1,0.8125,1
oral_007307,1,0.5626,1
oral_008046,1,0.2556,0
oral_024182,0,0.043,0
oral_011925,0,0.1208,0
oral_012193,0,0.1403,0
oral_009344,0,0.4768,0
oral_023697,0,0.4999,0
oral_014893,0,0.0884,0
oral_024097,0,0.1615,0
oral_019736,1,0.086,0
oral_007948,0,0.5651,1
oral_013916,0,0.0774,0
oral_013658,0,0.2423,0
oral_006500,1,0.5896,1
oral_013233,1,0.8854,1
oral_005867,1,0.3335,0
oral_009593,1,0.1614,0
oral_016121,0,0.3359,0
oral_010591,1,0.7966,1
oral_016580,1,0.5027,1
oral_024286,0,0.1249,0
oral_006951,0,0.2637,0
oral_017079,1,0.284,0
oral_021286,0,0.0821,0
oral_014414,0,0.0657,0
oral_018945,1,0.3278,0
oral_022144,1,0.6451,1
oral_018891,1,0.4617,0
oral_018272,1,0.8951,1
oral_023640,1,0.4294,0
oral_016290,1,0.3463,0
oral_020313,1,0.2926,0
oral_021524,1,0.5875,1
oral_014034,1,0.5941,1
oral_010496,0,0.5454,1
oral_013949,1,0.5381,1
oral_024168,0,0.192,0
oral_013567,1,0.3741,0
oral_009518,1,0.7225,1
oral_020640,1,0.6917,1
oral_007334,1,0.9248,1
oral_009279,1,0.2393,0
oral_012973,0,0.175,0
oral_012211,0,0.4784,0
oral_022508,0,0.5842,1
oral_015336,1,0.7496,1
oral_008049,0,0.4898,0
oral_011632,0,0.1242,0
oral_006974,0,0.1606,0
oral_010133,1,0.4914,0
oral_009888,1,0.4136,0
oral_018233,1,0.2466,0
oral_020019,0,0.2357,0
oral_020156,1,0.4961,0
oral_024369,1,0.7639,1
oral_021876,0,0.3131,0
oral_014915,0,0.1792,0
oral_023917,0,0.4832,0
oral_020706,0,0.6475,1
oral_023778,1,0.5759,1
oral_006001,1,0.8581,1
oral_007199,0,0.4397,0
oral_023798,1,0.7218,1
oral_013468,1,0.9128,1
oral_010072,1,0.9985,1
oral_017481,0,0.6945,1
oral_013456,1,0.845,1
oral_016012,1,0.776,1
oral_005762,1,0.7404,1
oral_020383,1,0.8447,1
oral_018529,0,0.2301,0
oral_007090,1,0.4415,0
oral_025128,1,0.3678,0
oral_012001,1,0.6304,1
oral_010991,1,0.5805,1
oral_017495,1,0.7855,1
oral_009896,0,0.062,0
oral_023837,1,0.6908,1
oral_023350,1,0.5919,1
oral_022381,0,0.1667,0
oral_014095,0,0.119,0
oral_021370,0,0.1555,0
oral_016912,0,0.1737,0
oral_023330,1,0.7206,1
oral_008081,1,0.7423,1
oral_011287,1,0.188,0
oral_019496,0,0.2378,0
oral_010628,1,0.423,0
oral_016360,1,0.3626,0
oral_022866,1,0.8551,1
oral_009885,0,0.2432,0
oral_014279,1,0.4799,0
oral_019670,1,0.5759,1
oral_010654,1,0.9063,1
oral_007947,1,0.5889,1
oral_023304,1,0.3046,0
oral_014351,0,0.2018,0
oral_010897,1,0.2055,0
oral_012752,1,0.14,0
oral_012872,1,0.4298,0
oral_014374,1,0.0546,0
oral_015275,0,0.444,0
oral_016931,0,0.3478,0
oral_018613,1,0.1029,0
oral_024392,0,0.3156,0
oral_022173,1,0.373,0
oral_023027,0,0.1495,0
oral_024580,1,0.8446,1
oral_021194,0,0.067,0
oral_023225,1,0.6624,1
oral_024344,1,0.3492,0
oral_015387,1,0.9224,1
oral_019938,0,0.8646,1
oral_010896,1,0.3936,0
oral_024294,1,0.7548,1
oral_023838,0,0.3887,0
oral_018556,0,0.4301,0
oral_006361,1,0.3175,0
oral_023578,0,0.2515,0
oral_019791,0,0.1651,0
oral_016829,0,0.7209,1
oral_011371,0,0.1075,0
oral_009866,0,0.0928,0
oral_024626,0,0.593,1
oral_021104,1,0.0988,0
oral_010824,1,0.622,1
oral_023842,0,0.1763,0
oral_006369,1,0.3927,0
oral_007325,1,0.258,0
oral_011457,1,0.1488,0
oral_024798,0,0.2209,0
oral_006629,1,0.4764,0
oral_017094,1,0.8405,1
oral_017620,0,0.2499,0
oral_023531,1,0.5131,1
oral_022479,0,0.0541,0
oral_015800,1,0.229,0
oral_021721,0,0.5535,1
oral_020164,0,0.1109,0
oral_022444,1,0.7107,1
oral_020071,1,0.4018,0
oral_017262,1,0.5093,1
oral_021628,1,0.8257,1
oral_020151,1,0.2759,0
oral_017207,1,0.7611,1
oral_023926,0,0.0373,0
oral_021298,1,0.2322,0
oral_014807,0,0.0954,0
oral_007407,1,0.2182,0
oral_022087,0,0.5797,1
oral_006023,1,0.3398,0
oral_017021,0,0.501,1
oral_024074,1,0.534,1
oral_005882,1,0.7757,1
oral_011948,1,0.946,1
oral_012900,0,0.3659,0
oral_013718,1,0.4936,0
oral_023143,0,0.8042,1
oral_024032,1,0.3932,0
oral_024362,1,0.3847,0
oral_019086,1,0.4652,0
oral_012070,0,0.0393,0
oral_019105,0,0.1211,0
oral_009913,0,0.6736,1
oral_007418,0,0.5784,1
oral_019871,0,0.9408,1
oral_014254,0,0.2193,0
oral_006008,0,0.6734,1
oral_024413,1,0.9267,1
oral_022763,0,0.1147,0
oral_015492,0,0.0448,0
oral_024427,1,0.3674,0
oral_009377,0,0.7281,1
oral_013455,1,0.9344,1
oral_013017,1,0.3331,0
oral_009816,1,0.5751,1
oral_009520,1,0.6488,1
oral_022964,0,0.018,0
oral_010250,1,0.3695,0
oral_024545,0,0.4847,0
oral_006927,0,0.5196,1
oral_018888,0,0.1865,0
oral_008038,1,0.6218,1
oral_009915,1,0.9443,1
oral_019144,0,0.488,0
oral_006498,0,0.3525,0
oral_014831,1,0.2469,0
oral_013457,1,0.2603,0
oral_007729,1,0.4027,0
oral_012335,0,0.3557,0
oral_007862,1,0.252,0
oral_005697,0,0.4901,0
oral_015356,0,0.7724,1
oral_017142,1,0.448,0
oral_019372,0,0.4154,0
oral_023841,0,0.1829,0
oral_022358,0,0.4968,0
oral_012062,0,0.0551,0
oral_025073,0,0.1227,0
oral_011313,1,0.3946,0
oral_024588,1,0.4448,0
oral_022955,0,0.2323,0
oral_023530,0,0.2228,0
oral_023946,1,0.8992,1
oral_016495,0,0.4514,0
oral_013400,1,0.3933,0
oral_017276,1,0.9572,1
oral_021012,1,0.9915,1
oral_023998,0,0.5977,1
oral_014917,1,0.3488,0
oral_023950,0,0.4929,0
oral_019574,0,0.6108,1
oral_016120,1,0.3155,0
oral_012837,0,0.0605,0
oral_018542,1,0.7153,1
oral_009006,1,0.6729,1
oral_019298,1,0.7038,1
oral_007983,1,0.5975,1
oral_019969,1,0.4903,0
oral_022194,1,0.8886,1
oral_010692,1,0.774,1
oral_010864,1,0.4316,0
oral_014061,0,0.4711,0
oral_014828,1,0.7317,1
oral_014853,1,0.3258,0
oral_013527,1,0.3675,0
oral_017083,0,0.2683,0
